mutated_query	Pf_kelch13_C580Y	93.333	30	2	0	1	30	542	571	1.02e-18	66.2
mutated_query	Pf_kelch13_C580Y	30.000	30	21	0	1	30	447	476	0.001	24.3
mutated_query	Pf_kelch13_C580Y	37.500	24	14	1	2	24	637	660	0.20	17.7
mutated_query	Pf_kelch13_R539T	93.333	30	2	0	1	30	542	571	1.02e-18	66.2
mutated_query	Pf_kelch13_R539T	30.000	30	21	0	1	30	447	476	0.001	24.3
mutated_query	Pf_kelch13_R539T	37.500	24	14	1	2	24	637	660	0.20	17.7
mutated_query	Pf_kelch13_Y493H	93.333	30	2	0	1	30	542	571	1.02e-18	66.2
mutated_query	Pf_kelch13_Y493H	30.000	30	21	0	1	30	447	476	0.001	24.3
mutated_query	Pf_kelch13_Y493H	37.500	24	14	1	2	24	637	660	0.20	17.7
mutated_query	Pf_kelch13_M476I	93.333	30	2	0	1	30	542	571	1.02e-18	66.2
mutated_query	Pf_kelch13_M476I	30.000	30	21	0	1	30	447	476	0.001	23.9
mutated_query	Pf_kelch13_M476I	37.500	24	14	1	2	24	637	660	0.20	17.7
mutated_query	Pf_kelch13_N458Y	93.333	30	2	0	1	30	542	571	1.02e-18	66.2
mutated_query	Pf_kelch13_N458Y	30.000	30	21	0	1	30	447	476	0.001	23.9
mutated_query	Pf_kelch13_N458Y	37.500	24	14	1	2	24	637	660	0.20	17.7
mutated_query	Pf_kelch13_F446I	93.333	30	2	0	1	30	542	571	1.02e-18	66.2
mutated_query	Pf_kelch13_F446I	30.000	30	21	0	1	30	447	476	0.001	24.3
mutated_query	Pf_kelch13_F446I	37.500	24	14	1	2	24	637	660	0.20	17.7
mutated_query	Pf_kelch13_REFERENCE_3D7	93.333	30	2	0	1	30	542	571	1.02e-18	66.2
mutated_query	Pf_kelch13_REFERENCE_3D7	30.000	30	21	0	1	30	447	476	0.001	24.3
mutated_query	Pf_kelch13_REFERENCE_3D7	37.500	24	14	1	2	24	637	660	0.20	17.7
mutated_query	Pf_kelch13_I543T	90.000	30	3	0	1	30	542	571	5.11e-18	64.3
mutated_query	Pf_kelch13_I543T	30.000	30	21	0	1	30	447	476	0.001	24.3
mutated_query	Pf_kelch13_I543T	37.500	24	14	1	2	24	637	660	0.20	17.7
mutated_query	Pf_kelch13_R561H	90.000	30	3	0	1	30	542	571	7.19e-18	63.9
mutated_query	Pf_kelch13_R561H	30.000	30	21	0	1	30	447	476	0.001	24.3
mutated_query	Pf_kelch13_R561H	37.500	24	14	1	2	24	637	660	0.20	17.7
mutated_query	Pf_kelch13_P553L	90.000	30	3	0	1	30	542	571	3.33e-17	62.0
mutated_query	Pf_kelch13_P553L	30.000	30	21	0	1	30	447	476	0.001	24.3
mutated_query	Pf_kelch13_P553L	37.500	24	14	1	2	24	637	660	0.20	17.7
